{"loss": [0.00247246609069407, 1.6024687283788808e-05, 1.4693457160319667e-05, 1.338113270321628e-05, 1.2275881090317853e-05, 1.0360029591538478e-05, 8.9878949438571e-06, 7.841989827284124e-06, 6.892087185406126e-06, 6.062140982976416e-06, 5.591184617514955e-06, 5.150730430614203e-06, 4.777911271958146e-06, 4.3213481148995925e-06, 4.248853201715974e-06, 3.927624220523285e-06, 3.6348590128909564e-06, 3.5944733554060804e-06, 3.4506699648773065e-06, 3.1443937587027904e-06, 3.0420262646657648e-06, 2.974627705043531e-06, 2.7790490548795788e-06, 2.7672779197018826e-06, 2.6042541776405415e-06, 2.513912704671384e-06, 2.54159681389865e-06], "mean_absolute_error": [0.014196689240634441, 0.0019733889494091272, 0.002239038934931159, 0.0022214113269001245, 0.002167540369555354, 0.0022911964915692806, 0.002148933708667755, 0.0019486452220007777, 0.0018582504708319902, 0.0016967765986919403, 0.001704047666862607, 0.0016140473308041692, 0.001565179438330233, 0.001536897150799632, 0.0015343332197517157, 0.0014838746283203363, 0.0014169946080073714, 0.0013886187225580215, 0.0013966888654977083, 0.0012091518146917224, 0.0013009748654440045, 0.0012848713668063283, 0.0012625070521607995, 0.001275931834243238, 0.0012460020370781422, 0.0011610951041802764, 0.0012436985271051526], "mean_squared_error": [0.00247246609069407, 1.6024687283788808e-05, 1.4693457160319667e-05, 1.338113270321628e-05, 1.2275881090317853e-05, 1.0360029591538478e-05, 8.9878949438571e-06, 7.841989827284124e-06, 6.892087185406126e-06, 6.062140982976416e-06, 5.591185072262306e-06, 5.150730430614203e-06, 4.777911271958146e-06, 4.3213481148995925e-06, 4.248853201715974e-06, 3.927624220523285e-06, 3.6348590128909564e-06, 3.5944733554060804e-06, 3.4506699648773065e-06, 3.1443937587027904e-06, 3.0420262646657648e-06, 2.974627705043531e-06, 2.7790490548795788e-06, 2.7672779197018826e-06, 2.6042541776405415e-06, 2.513912704671384e-06, 2.54159681389865e-06], "root_mean_squared_error": [0.049723897129297256, 0.004003084730356932, 0.003833204507827759, 0.003658022964373231, 0.0035036953631788492, 0.0032186999451369047, 0.0029979818500578403, 0.002800355199724436, 0.002625278430059552, 0.0024621414486318827, 0.002364568645134568, 0.0022695220541208982, 0.0021858434192836285, 0.002078785328194499, 0.002061274601146579, 0.0019818234723061323, 0.0019065305823460221, 0.0018959096632897854, 0.0018575978465378284, 0.0017732438864186406, 0.0017441405216231942, 0.0017247109208256006, 0.0016670479672029614, 0.0016635137144476175, 0.0016137701459228992, 0.0015855323290452361, 0.001594238681718707], "val_loss": [0.00019703419820871204, 0.0001157260630861856, 6.157977622933686e-05, 8.790887659415603e-05, 8.821843221085146e-05, 3.8409307308029383e-05, 6.0961734561715275e-05, 1.455003712180769e-05, 2.659562960616313e-05, 1.517346299806377e-05, 1.0405138709757011e-05, 7.721473593846895e-06, 6.244918949960265e-06, 5.228671398072038e-06, 9.346220394945703e-06, 9.22754861676367e-06, 1.4706446336276713e-06, 6.229146492842119e-06, 2.0976672203687485e-06, 4.397386874188669e-06, 8.117573088384233e-06, 7.368675596808316e-06, 6.812799711042317e-06, 9.705119737191126e-06, 2.7582457278185757e-06, 5.86750957154436e-06, 3.952903625759063e-06], "val_mean_absolute_error": [0.011549570597708225, 0.007611888460814953, 0.0050086937844753265, 0.00649634562432766, 0.007488069590181112, 0.004332586657255888, 0.005982535425573587, 0.0028648837469518185, 0.004192494787275791, 0.003255869261920452, 0.0024647857062518597, 0.0021544843912124634, 0.0021734728943556547, 0.002010619267821312, 0.0028099706396460533, 0.002485577017068863, 0.0010716317920014262, 0.002185104414820671, 0.0012174625881016254, 0.0013378957519307733, 0.0021750712767243385, 0.002271299483254552, 0.0016470493283122778, 0.00281899468973279, 0.0011598555138334632, 0.0022362610325217247, 0.001618978101760149], "val_mean_squared_error": [0.00019703419820871204, 0.0001157260630861856, 6.157977622933686e-05, 8.790887659415603e-05, 8.821843221085146e-05, 3.8409307308029383e-05, 6.0961734561715275e-05, 1.455003712180769e-05, 2.659562960616313e-05, 1.517346299806377e-05, 1.0405138709757011e-05, 7.721473593846895e-06, 6.244918949960265e-06, 5.228671398072038e-06, 9.346220394945703e-06, 9.22754861676367e-06, 1.4706446336276713e-06, 6.229146492842119e-06, 2.0976672203687485e-06, 4.397386874188669e-06, 8.117573088384233e-06, 7.368675596808316e-06, 6.812799711042317e-06, 9.705119737191126e-06, 2.7582457278185757e-06, 5.86750957154436e-06, 3.952903625759063e-06], "val_root_mean_squared_error": [0.01403688732534647, 0.010757604613900185, 0.007847278378903866, 0.009375973604619503, 0.009392466396093369, 0.006197524257004261, 0.007807799614965916, 0.003814451163634658, 0.005157094914466143, 0.003895313013345003, 0.0032256997656077147, 0.0027787538710981607, 0.0024989836383610964, 0.002286628820002079, 0.003057158784940839, 0.0030376880895346403, 0.0012127014342695475, 0.002495825756341219, 0.0014483325649052858, 0.0020969947800040245, 0.002849135547876358, 0.0027145305648446083, 0.0026101339608430862, 0.003115304047241807, 0.0016607966972514987, 0.002422294346615672, 0.001988191157579422]}