{
    "MSE: ": 0.00041814282222659983,
    "R2: ": 0.990808206360427
}