{
    "MSE: ": 0.026424646692904324,
    "R2: ": 0.9259654771604083
}