{
    "MSE: ": 0.038540080365344974,
    "R2: ": 0.6193194646259017
}