{
    "MSE: ": 0.025507720193757466,
    "R2: ": 0.9098017048967816
}