{"loss": [0.0009469816577620804, 0.0003751383919734508, 0.00039875248330645263, 0.00033384066773578525, 0.00032998909591697156, 0.00041656321263872087, 0.00031784106977283955, 0.00031807488994672894, 0.0003159405605401844, 0.00031300977570936084, 0.00030964784673415124, 0.00029339591856114566, 0.0002900660037994385, 0.00031373396632261574], "mean_absolute_error": [0.01667480729520321, 0.013784129172563553, 0.013487407937645912, 0.012333031743764877, 0.01254976261407137, 0.012831080704927444, 0.012013886123895645, 0.012237410061061382, 0.012269976548850536, 0.012161062099039555, 0.01193804107606411, 0.011569606140255928, 0.011480764485895634, 0.011581321246922016], "mean_squared_error": [0.0009469816577620804, 0.0003751384501811117, 0.00039875248330645263, 0.00033384066773578525, 0.00032998909591697156, 0.00041656321263872087, 0.00031784109887667, 0.00031807488994672894, 0.0003159405605401844, 0.00031300977570936084, 0.00030964784673415124, 0.00029339591856114566, 0.0002900660037994385, 0.00031373396632261574], "mse_x": [0.0006673819734714925, 7.252604700624943e-05, 0.0001657872344367206, 2.1711295630666427e-05, 3.254566399846226e-05, 0.00026472308672964573, 1.7189144273288548e-05, 2.6828161935554817e-05, 3.148535324726254e-05, 2.796136868710164e-05, 2.988652886415366e-05, 2.130805114575196e-05, 1.959441215149127e-05, 7.795380224706605e-05], "mse_y": [0.0010299908462911844, 0.0005485826986841857, 0.000548198411706835, 0.0005109452176839113, 0.0004962033708579838, 0.00052228121785447, 0.00048210445675067604, 0.00047666759928688407, 0.0004697488620877266, 0.00046744762221351266, 0.0004670732014346868, 0.00046240841038525105, 0.00046144321095198393, 0.0004742790770251304], "mse_z": [0.001143570290878415, 0.0005043050623498857, 0.00048227261868305504, 0.0004688655026257038, 0.00046121719060465693, 0.00046268446021713316, 0.00045423005940392613, 0.0004507280245888978, 0.0004465885285753757, 0.0004436199669726193, 0.0004319841682445258, 0.0003964710049331188, 0.00038916050107218325, 0.00038896864862181246], "root_mean_squared_error": [0.030773065984249115, 0.01936849020421505, 0.0199687872081995, 0.01827130652964115, 0.018165601417422295, 0.020409880205988884, 0.017828097566962242, 0.017834654077887535, 0.017774716019630432, 0.01769208163022995, 0.017596812918782234, 0.017128802835941315, 0.017031323164701462, 0.017712537199258804], "val_loss": [0.0005169602809473872, 0.0004242653667461127, 0.00040163606172427535, 0.0003905689809471369, 0.0004091033188160509, 0.0004884809604845941, 0.000432243337854743, 0.0003971382393501699, 0.0004377244913484901, 0.0004240139096509665, 0.0006259648944251239, 0.0006568480166606605, 0.0005908384919166565, 0.0006305312272161245], "val_mean_absolute_error": [0.01569378934800625, 0.014138009399175644, 0.014067256823182106, 0.013972274027764797, 0.014266862533986568, 0.016656747087836266, 0.015569707378745079, 0.015053381212055683, 0.01600557006895542, 0.015754416584968567, 0.018832731992006302, 0.019657431170344353, 0.018951790407299995, 0.019487127661705017], "val_mean_squared_error": [0.0005169602809473872, 0.0004242653667461127, 0.00040163606172427535, 0.0003905689809471369, 0.0004091033188160509, 0.0004884809604845941, 0.000432243337854743, 0.0003971382393501699, 0.0004377244913484901, 0.0004240139096509665, 0.0006259648944251239, 0.0006568480166606605, 0.0005908384919166565, 0.0006305312272161245], "val_mse_x": [1.4318881767394487e-05, 1.2169298315711785e-05, 2.1460647985804826e-05, 1.734401121211704e-05, 1.9230319594498724e-05, 9.090695675695315e-05, 9.337161463918164e-05, 9.438602137379348e-05, 0.00011695076682372019, 9.986929217120633e-05, 0.0001835424336604774, 0.00030495435930788517, 0.000326567969750613, 0.0004405353975016624], "val_mse_y": [0.0007023066864348948, 0.0007648522732779384, 0.0007202952983789146, 0.0006586326635442674, 0.0006676801713183522, 0.0008160223951563239, 0.0006975315045565367, 0.000629705551546067, 0.0006599741172976792, 0.0006319466629065573, 0.0013259974075481296, 0.0013039391487836838, 0.0010819281451404095, 0.0010378186125308275], "val_mse_z": [0.0008363056695088744, 0.0004974110634066164, 0.0004640392435248941, 0.0004963531391695142, 0.0005418114014901221, 0.0005599326686933637, 0.0005070992046967149, 0.0004683236766140908, 0.0005373985040932894, 0.0005413538310676813, 0.00036992793320678174, 0.0003630206047091633, 0.0003650436701718718, 0.00041450184653513134], "val_root_mean_squared_error": [0.02273675985634327, 0.020597701892256737, 0.020040860399603844, 0.01976281777024269, 0.02022630162537098, 0.02210160531103611, 0.0207904614508152, 0.019928326830267906, 0.020921865478157997, 0.020591598004102707, 0.025019289925694466, 0.02562904544174671, 0.024307169020175934, 0.025110380724072456]}