{
    "MSE: ": 0.00900256537330271,
    "R2: ": 0.6856274191257573
}