{
    "MSE: ": 0.018429481401070074,
    "R2: ": 0.3967287391401347
}