{
    "MSE: ": 0.08347536149766654,
    "R2: ": -0.8359244167402927
}