{
    "MSE: ": 0.07376913655645995,
    "R2: ": -0.5604870958945944
}