{
    "MSE: ": 0.10273073041782872,
    "R2: ": -0.7908736896374116
}