{
    "MSE: ": 0.18899614554470115,
    "R2: ": 0.5484418166676451
}