split,mse_total,r2_total,mse_x,r2_x,mse_y,r2_y,mse_z,r2_z
1,0.02229725823572361,0.33742733392663515,0.038532037861421294,0.2746913294337965,0.024154626834329715,-0.00647309207509883,0.004205110011420552,0.7440637644211686
2,0.029418422227713344,0.06303411855039154,0.04976629269196731,0.05274926220226739,0.03314810771953284,-0.5398283543815052,0.005340866271639024,0.6761814478304581
3,0.02078947490732316,0.34042032374501946,0.03723308061648358,0.288298119748134,0.021362691899364808,0.003627082761532785,0.0037726522061209784,0.7293357687253988
4,0.02034197307368143,0.35961930530293246,0.03663962650921798,0.30119279284498224,0.02070449929622437,0.03583199702362316,0.003681793415603015,0.7418331260401758
