{"loss": [0.02014835551381111, 0.017837459221482277, 0.01742188259959221, 0.017028771340847015, 0.01679827645421028, 0.016598744317889214, 0.016477910801768303, 0.016374049708247185, 0.01628158986568451, 0.016208898276090622, 0.016129694879055023, 0.0160547886043787, 0.015978693962097168, 0.015918726101517677, 0.015842795372009277, 0.015763694420456886, 0.01568184234201908], "mean_absolute_error": [0.10309499502182007, 0.09672082215547562, 0.09529674798250198, 0.09326719492673874, 0.0919795036315918, 0.09076814353466034, 0.0902685672044754, 0.08989732712507248, 0.08955052495002747, 0.08929648995399475, 0.08905105292797089, 0.08882958441972733, 0.08861397206783295, 0.0884609967470169, 0.08826000988483429, 0.08807747066020966, 0.08788634836673737], "mean_squared_error": [0.02014835551381111, 0.017837459221482277, 0.01742188259959221, 0.017028771340847015, 0.01679827645421028, 0.016598744317889214, 0.016477910801768303, 0.016374049708247185, 0.01628158986568451, 0.016208898276090622, 0.016129694879055023, 0.0160547886043787, 0.015978693962097168, 0.015918726101517677, 0.015842795372009277, 0.015763694420456886, 0.01568184234201908], "mse_x": [0.035003412514925, 0.028890233486890793, 0.027986187487840652, 0.027402585372328758, 0.027034234255552292, 0.026729267090559006, 0.026472903788089752, 0.026239709928631783, 0.0260397307574749, 0.0258755162358284, 0.025697428733110428, 0.02552417851984501, 0.025337716564536095, 0.025196591392159462, 0.02500680275261402, 0.02481168508529663, 0.02461284212768078], "mse_y": [0.02031845413148403, 0.01998237706720829, 0.019778262823820114, 0.019657419994473457, 0.019611721858382225, 0.019573625177145004, 0.019547272473573685, 0.019524263218045235, 0.019494304433465004, 0.019474400207400322, 0.019445788115262985, 0.019419852644205093, 0.019395925104618073, 0.019370924681425095, 0.019346265122294426, 0.019311027601361275, 0.01927107572555542], "mse_z": [0.005123123526573181, 0.004639613442122936, 0.004501075949519873, 0.004026214592158794, 0.003748891642317176, 0.00349317560903728, 0.0034136741887778044, 0.0033580304589122534, 0.003310914384201169, 0.00327689410187304, 0.003245970234274864, 0.003220378188416362, 0.0032024646643549204, 0.0031887658406049013, 0.0031753808725625277, 0.003168345196172595, 0.0031614985782653093], "root_mean_squared_error": [0.14194490015506744, 0.13355694711208344, 0.13199198246002197, 0.13049434125423431, 0.1296081691980362, 0.12883611023426056, 0.12836630642414093, 0.12796112895011902, 0.1275993287563324, 0.12731416523456573, 0.12700273096561432, 0.12670749425888062, 0.12640686333179474, 0.12616942822933197, 0.12586817145347595, 0.12555354833602905, 0.125227153301239], "val_loss": [0.018906107172369957, 0.018373532220721245, 0.017925452440977097, 0.017968859523534775, 0.01761621981859207, 0.017266105860471725, 0.017308300361037254, 0.017475731670856476, 0.017198339104652405, 0.017314117401838303, 0.017181934788823128, 0.017060572281479836, 0.017096813768148422, 0.017185794189572334, 0.017141127958893776, 0.017145046964287758, 0.01721033826470375], "val_mean_absolute_error": [0.09971052408218384, 0.09803760051727295, 0.0960824266076088, 0.09527313709259033, 0.0936131477355957, 0.0927748903632164, 0.09263349324464798, 0.0928439274430275, 0.09218890964984894, 0.09197840094566345, 0.09164843708276749, 0.09141756594181061, 0.09148711711168289, 0.09161745011806488, 0.09173411130905151, 0.0912381112575531, 0.09167388081550598], "val_mean_squared_error": [0.018906107172369957, 0.018373532220721245, 0.017925452440977097, 0.017968859523534775, 0.01761621981859207, 0.017266105860471725, 0.017308300361037254, 0.017475731670856476, 0.017198339104652405, 0.017314119264483452, 0.017181934788823128, 0.017060572281479836, 0.017096813768148422, 0.017185794189572334, 0.017141127958893776, 0.017145046964287758, 0.01721033826470375], "val_mse_x": [0.03237402066588402, 0.0312618762254715, 0.030412063002586365, 0.030050907284021378, 0.02978980727493763, 0.02908320538699627, 0.028922870755195618, 0.02984069101512432, 0.028969619423151016, 0.02885470911860466, 0.028647152706980705, 0.028517289087176323, 0.02883928455412388, 0.028860559687018394, 0.028965864330530167, 0.029041366651654243, 0.028920313343405724], "val_mse_y": [0.01960686780512333, 0.019106797873973846, 0.018943151459097862, 0.019711559638381004, 0.01914006471633911, 0.018962519243359566, 0.01924915239214897, 0.018909860402345657, 0.018960164859890938, 0.01943396031856537, 0.019361361861228943, 0.019123487174510956, 0.018877772614359856, 0.019187038764357567, 0.018886998295783997, 0.018826382234692574, 0.019168445840477943], "val_mse_z": [0.004736531525850296, 0.004751609638333321, 0.004421123303472996, 0.00414380244910717, 0.003918597009032965, 0.003752547549083829, 0.0037528639659285545, 0.003676570486277342, 0.003665145020931959, 0.0036536583211272955, 0.0035372022539377213, 0.0035405182279646397, 0.0035731664393097162, 0.003509307513013482, 0.0035699608270078897, 0.0035669952630996704, 0.0035421489737927914], "val_root_mean_squared_error": [0.13749948143959045, 0.13554899394512177, 0.1338859647512436, 0.1340479701757431, 0.13272610306739807, 0.13140055537223816, 0.1315610110759735, 0.13219580054283142, 0.13114243745803833, 0.13158312439918518, 0.13107988238334656, 0.13061612844467163, 0.13075478374958038, 0.13109460473060608, 0.13092412054538727, 0.13093909621238708, 0.13118818402290344]}