{
    "MSE: ": 0.6513519940877526,
    "R2: ": -0.046764404901902555
}