{
    "MSE: ": 0.21512793401718522,
    "R2: ": 0.7848173638286863
}