{
    "MSE: ": 0.25043619700744524,
    "R2: ": 0.7495495368278534
}