{
    "MSE: ": 0.29596669350542754,
    "R2: ": 0.7040642268379934
}