{"loss": [22.5583553314209, 21.563358306884766, 21.232826232910156, 20.70551872253418, 20.662866592407227, 20.747201919555664, 20.54063606262207, 20.485074996948242, 20.46206283569336, 20.436552047729492, 20.85939598083496, 20.530858993530273, 20.46091079711914, 21.67466163635254, 21.243621826171875, 21.25275230407715, 21.007251739501953, 20.696331024169922], "mean_absolute_error": [0.6535950899124146, 0.6423164010047913, 0.6367706060409546, 0.6078896522521973, 0.6001185774803162, 0.6019089818000793, 0.5938916206359863, 0.591019868850708, 0.5900565981864929, 0.5896936655044556, 0.6080594062805176, 0.5909468531608582, 0.5867148041725159, 0.6244311928749084, 0.6245927214622498, 0.6293697357177734, 0.6140037178993225, 0.6048716306686401], "mean_squared_error": [0.6912972331047058, 0.6661022305488586, 0.6553733348846436, 0.6120445132255554, 0.6022520065307617, 0.6056746244430542, 0.5933874249458313, 0.5894225835800171, 0.5879786014556885, 0.5872086882591248, 0.6177773475646973, 0.5939587354660034, 0.5883173942565918, 0.6467059254646301, 0.6413190960884094, 0.6473849415779114, 0.626087486743927, 0.6119180917739868], "mse_x": [0.8342616558074951, 0.7968463897705078, 0.7837141752243042, 0.7648307085037231, 0.7634184956550598, 0.7664094567298889, 0.759063184261322, 0.7570061683654785, 0.7562453150749207, 0.7553429007530212, 0.7704565525054932, 0.7587732076644897, 0.7564119100570679, 0.800433874130249, 0.783677339553833, 0.7835345268249512, 0.7758627533912659, 0.7645240426063538], "mse_y": [0.8478162884712219, 0.8106386065483093, 0.7991636395454407, 0.7808257341384888, 0.7797073721885681, 0.7829360365867615, 0.7753394246101379, 0.7734286785125732, 0.7725312113761902, 0.7715311646461487, 0.7865963578224182, 0.7748318314552307, 0.7722500562667847, 0.8171026706695557, 0.8011138439178467, 0.8014910817146301, 0.791917085647583, 0.7804349064826965], "mse_z": [0.3918084502220154, 0.3908311426639557, 0.3832380473613739, 0.29047897458076477, 0.26362982392311096, 0.26767295598983765, 0.24575594067573547, 0.23783043026924133, 0.2351595014333725, 0.2347487360239029, 0.2962833642959595, 0.24827294051647186, 0.2362922728061676, 0.3225851356983185, 0.33916425704956055, 0.3571285605430603, 0.3104798495769501, 0.2907940745353699], "root_mean_squared_error": [0.8314428329467773, 0.8161508440971375, 0.8095512986183167, 0.782332718372345, 0.7760489583015442, 0.7782509922981262, 0.7703164219856262, 0.7677386403083801, 0.7667976021766663, 0.7662954330444336, 0.7859881520271301, 0.7706871628761292, 0.7670184969902039, 0.8041802644729614, 0.800823986530304, 0.804602324962616, 0.7912569046020508, 0.7822518944740295], "val_loss": [21.55753517150879, 22.48345375061035, 19.30952262878418, 18.956119537353516, 18.994300842285156, 18.991365432739258, 18.91738510131836, 18.841472625732422, 18.976686477661133, 19.156837463378906, 18.97886848449707, 18.944820404052734, 18.94472885131836, 19.963336944580078, 19.826807022094727, 19.327465057373047, 19.132966995239258, 19.15288734436035], "val_mean_absolute_error": [0.7204231023788452, 0.8360192179679871, 0.6177006959915161, 0.585918664932251, 0.6068095564842224, 0.612824022769928, 0.5741423964500427, 0.5776286125183105, 0.5879828929901123, 0.5882084369659424, 0.6102675199508667, 0.5774036049842834, 0.5824090838432312, 0.6233240365982056, 0.6156198382377625, 0.6258229613304138, 0.6079424619674683, 0.6476054191589355], "val_mean_squared_error": [0.7921515107154846, 1.0271599292755127, 0.6081320643424988, 0.5617629289627075, 0.5899344682693481, 0.5984620451927185, 0.547342836856842, 0.5508980751037598, 0.5641534924507141, 0.5667839050292969, 0.5911338925361633, 0.5510084629058838, 0.5557805895805359, 0.6206409931182861, 0.6094784140586853, 0.6204524040222168, 0.5933883786201477, 0.6513524651527405], "val_mse_x": [0.8100603818893433, 0.8484529852867126, 0.7328382730484009, 0.718349039554596, 0.7214404344558716, 0.7226985096931458, 0.7203390002250671, 0.7176836729049683, 0.7231267094612122, 0.7304430603981018, 0.7213082909584045, 0.7219894528388977, 0.7227916121482849, 0.7587239742279053, 0.7546488642692566, 0.734293520450592, 0.7275675535202026, 0.7282078862190247], "val_mse_y": [0.7872940897941589, 0.8020773530006409, 0.7057132124900818, 0.69661945104599, 0.694305956363678, 0.6921789050102234, 0.6927274465560913, 0.6893056631088257, 0.6931979656219482, 0.6995701789855957, 0.693149209022522, 0.6929725408554077, 0.6917838454246521, 0.7291958332061768, 0.7235718369483948, 0.7047046422958374, 0.6985329985618591, 0.6949796676635742], "val_mse_z": [0.7792018055915833, 1.431215763092041, 0.38591375946998596, 0.27034619450569153, 0.35411813855171204, 0.38063284754753113, 0.2289394736289978, 0.24574270844459534, 0.2761291265487671, 0.2703988254070282, 0.3591230511665344, 0.23817673325538635, 0.2528465688228607, 0.3741426169872284, 0.35015803575515747, 0.42251700162887573, 0.3540845811367035, 0.5309409499168396], "val_root_mean_squared_error": [0.8900289535522461, 1.013489007949829, 0.7798281908035278, 0.7495085000991821, 0.7680718898773193, 0.7736032605171204, 0.7398262023925781, 0.7422250509262085, 0.7511014938354492, 0.7528505325317383, 0.7688523530960083, 0.7422994375228882, 0.7455068826675415, 0.7878077030181885, 0.7806909680366516, 0.7876880168914795, 0.7703170776367188, 0.8070640563964844]}