{
    "MSE: ": 0.0010736341252675404,
    "R2: ": 0.9631491601931303
}