{
    "MSE: ": 0.03920682167192837,
    "R2: ": 0.8801925546333041
}