{
    "MSE: ": 0.04658129110762918,
    "R2: ": 0.3216550851010741
}