{
    "MSE: ": 0.026520950357907993,
    "R2: ": 0.8503576311050077
}