{"loss": [0.0007699253619648516, 0.0003472792450338602, 0.0003285654238425195, 0.0003190556599292904, 0.0003092582046519965, 0.00030822589178569615, 0.00028813505196012557, 0.00028774255770258605, 0.0002856584615074098, 0.0002871720353141427, 0.00028225602000020444, 0.00028644880512729287, 0.0002804499235935509, 0.0002798651694320142, 0.00027866792515851557, 0.00027748823049478233, 0.00027774591580964625, 0.0002756118483375758], "mean_absolute_error": [0.015617001801729202, 0.013097066432237625, 0.012573672458529472, 0.01222076267004013, 0.011954479850828648, 0.011634149588644505, 0.011337753385305405, 0.011343584395945072, 0.011271472088992596, 0.01114119403064251, 0.011115822941064835, 0.011163982562720776, 0.010998704470694065, 0.011062155477702618, 0.01100952085107565, 0.010968056507408619, 0.010960137471556664, 0.010929670184850693], "mean_squared_error": [0.0007699253619648516, 0.0003472792450338602, 0.0003285654238425195, 0.0003190556599292904, 0.0003092582046519965, 0.00030822589178569615, 0.00028813505196012557, 0.00028774255770258605, 0.0002856584615074098, 0.0002871720353141427, 0.00028225602000020444, 0.00028644880512729287, 0.0002804499235935509, 0.0002798651694320142, 0.00027866792515851557, 0.00027748823049478233, 0.00027774591580964625, 0.0002756118483375758], "mse_x": [0.0005486644804477692, 5.3371244575828314e-05, 3.544396531651728e-05, 2.6187173716607504e-05, 2.2310758140520193e-05, 5.835566480527632e-05, 1.6612029867246747e-05, 1.7527474483358674e-05, 1.5963800251483917e-05, 2.3796141249476932e-05, 1.345595228485763e-05, 2.618084727146197e-05, 1.0583020412013866e-05, 1.285408143303357e-05, 1.221997899847338e-05, 1.1910242392332293e-05, 1.2166457054263446e-05, 1.1459598681540228e-05], "mse_y": [0.0008215996203944087, 0.0005160428700037301, 0.0004939536447636783, 0.00048263659118674695, 0.00047027060645632446, 0.00046663376269862056, 0.0004610738542396575, 0.00046109643881209195, 0.0004600773099809885, 0.00046016258420422673, 0.0004584314883686602, 0.0004586454015225172, 0.0004574805498123169, 0.0004567702126223594, 0.00045664588105864823, 0.0004559785593301058, 0.00045767019037157297, 0.0004560122615657747], "mse_z": [0.0009390923660248518, 0.0004723446909338236, 0.00045626526116393507, 0.0004482951480895281, 0.00043517095036804676, 0.00039964355528354645, 0.0003867699997499585, 0.00038451264845207334, 0.0003809100016951561, 0.0003774586948566139, 0.0003748493909370154, 0.00037466231151483953, 0.00037323569995351136, 0.0003699129447340965, 0.0003671268932521343, 0.0003645099059212953, 0.0003633208980318159, 0.0003593635046854615], "root_mean_squared_error": [0.02774752862751484, 0.018635429441928864, 0.01812637224793434, 0.01786212995648384, 0.017585737630724907, 0.017556363716721535, 0.016974540427327156, 0.01696297526359558, 0.01690143346786499, 0.016946149989962578, 0.016800476238131523, 0.016924798488616943, 0.01674663834273815, 0.016729170456528664, 0.016693349927663803, 0.016657978296279907, 0.016665710136294365, 0.01660156063735485], "val_loss": [0.0005267128581181169, 0.00038029716233722866, 0.00036573520628735423, 0.0004275785177014768, 0.0003579353797249496, 0.000517273205332458, 0.00129189423751086, 0.0003129534306935966, 0.0007801034953445196, 0.0008255111170001328, 0.0005596046685241163, 0.0005696291336789727, 0.0010091665899381042, 0.0011389341671019793, 0.0006857297848910093, 0.0007458404288627207, 0.0005663942429237068, 0.0005452219629660249], "val_mean_absolute_error": [0.01696254499256611, 0.013695606030523777, 0.013484785333275795, 0.015994500368833542, 0.013702688738703728, 0.01597517542541027, 0.024901514872908592, 0.01216074451804161, 0.019273720681667328, 0.019568229094147682, 0.0167961698025465, 0.016253499314188957, 0.02168986387550831, 0.02302684634923935, 0.018417883664369583, 0.019018471240997314, 0.016676003113389015, 0.016518723219633102], "val_mean_squared_error": [0.0005267128581181169, 0.0003802971332333982, 0.00036573520628735423, 0.0004275785177014768, 0.00035793540882878006, 0.000517273205332458, 0.00129189423751086, 0.00031295345979742706, 0.0007801034953445196, 0.0008255111170001328, 0.0005596046685241163, 0.0005696291336789727, 0.0010091665899381042, 0.0011389341671019793, 0.0006857297848910093, 0.0007458404288627207, 0.0005663942429237068, 0.0005452219629660249], "val_mse_x": [5.088597026770003e-05, 1.787128894648049e-05, 2.5966872271965258e-05, 8.72492091730237e-05, 3.0516837796312757e-05, 1.9621362298494205e-05, 4.101239755982533e-05, 9.314920134784188e-06, 1.5444129530806094e-05, 1.7784866940928623e-05, 4.2924333683913574e-05, 2.215668610006105e-05, 1.8945431293104775e-05, 2.2460013497038744e-05, 3.932266918127425e-05, 4.3562115024542436e-05, 6.25691536697559e-05, 9.083369513973594e-05], "val_mse_y": [0.0008855926571413875, 0.0005774309393018484, 0.00072276103310287, 0.0006948761874809861, 0.0005672227125614882, 0.0010923809604719281, 0.003520126221701503, 0.000571059004869312, 0.0019020943436771631, 0.0021377529483288527, 0.0012902526650577784, 0.0012935188133269548, 0.002699167001992464, 0.0030744688119739294, 0.0017151408828794956, 0.0019134368048980832, 0.0013464525109156966, 0.0012472051894292235], "val_mse_z": [0.0006443794118240476, 0.0005460043903440237, 0.00034889523521997035, 0.0005007713916711509, 0.00047650362830609083, 0.0004404128121677786, 0.0003152216086164117, 0.0003585981612559408, 0.00042373064206913114, 0.00032179226400330663, 0.0003465452173259109, 0.0003942972398363054, 0.00030953294481150806, 0.0003205691173207015, 0.00030319971847347915, 0.00028134745662100613, 0.0002911268675234169, 0.0002987004700116813], "val_root_mean_squared_error": [0.022950224578380585, 0.019501207396388054, 0.01912420429289341, 0.020677970722317696, 0.01891918107867241, 0.02274364046752453, 0.0359429307281971, 0.017690490931272507, 0.027930332347750664, 0.028731709346175194, 0.02365596406161785, 0.02386690489947796, 0.031767379492521286, 0.03374809771776199, 0.026186442002654076, 0.027310078963637352, 0.02379903756082058, 0.02334998920559883]}