{
    "MSE: ": 0.0007932091775003563,
    "R2: ": 0.9702952260436538
}