{
    "MSE: ": 0.03793782806361039,
    "R2: ": 0.8841262817584257
}