{
    "MSE: ": 0.03566226751234259,
    "R2: ": 0.5699399516506932
}