{
    "MSE: ": 0.023834777941317397,
    "R2: ": 0.8943421469279084
}