{"loss": [0.0010000700131058693, 0.00038911617593839765, 0.0003495900018606335, 0.00034495352883823216, 0.00033043790608644485, 0.00032379981712438166, 0.00031821438460610807, 0.0003828355111181736, 0.00030959045398049057, 0.0003094532585237175, 0.00030820805113762617, 0.0003106433432549238, 0.0003052881802432239, 0.0003064100746996701, 0.00029751972761005163, 0.0002914177894126624, 0.0002855724305845797, 0.0002843053953256458, 0.00028298210236243904], "mean_absolute_error": [0.016825050115585327, 0.013950630091130733, 0.013152670115232468, 0.012883111834526062, 0.012698858976364136, 0.012465103529393673, 0.012282220646739006, 0.012410997413098812, 0.011891137808561325, 0.01197872869670391, 0.011945630423724651, 0.011801247484982014, 0.011814822442829609, 0.011601469479501247, 0.011518500745296478, 0.011410715989768505, 0.011271808296442032, 0.011216034181416035, 0.011170617304742336], "mean_squared_error": [0.0010000700131058693, 0.00038911617593839765, 0.0003495900018606335, 0.00034495352883823216, 0.00033043790608644485, 0.00032379981712438166, 0.00031821438460610807, 0.00038283548201434314, 0.00030959045398049057, 0.0003094532585237175, 0.00030820805113762617, 0.0003106433432549238, 0.0003052881802432239, 0.0003064100746996701, 0.00029751972761005163, 0.0002914177894126624, 0.0002855724305845797, 0.0002843053953256458, 0.00028298210236243904], "mse_x": [0.0007651185151189566, 7.074997120071203e-05, 5.711271660402417e-05, 4.706246545538306e-05, 4.08159576181788e-05, 3.298496449133381e-05, 2.9399103368632495e-05, 0.00017931444745045155, 1.8383056158199906e-05, 2.2786880435887724e-05, 2.234217208751943e-05, 2.7672795113176107e-05, 1.820559373300057e-05, 3.326886871946044e-05, 1.5121527212613728e-05, 1.601356234459672e-05, 1.5422054275404662e-05, 1.4638449101767037e-05, 1.3854260942025576e-05], "mse_y": [0.0010271340142935514, 0.0005565913743339479, 0.0005247912486083806, 0.0005164009053260088, 0.0004928695852868259, 0.0004855746519751847, 0.00047746673226356506, 0.0005076818051747978, 0.00046789838233962655, 0.00046535077854059637, 0.0004639348480850458, 0.00046518267481587827, 0.00046195360482670367, 0.0004631934280041605, 0.0004598989326041192, 0.0004590586759150028, 0.00045783829409629107, 0.0004572081670630723, 0.00045670935651287436], "mse_z": [0.0012090428499504924, 0.0005399182555265725, 0.000469184567919001, 0.00047128237201832235, 0.0004577327927108854, 0.0004526432603597641, 0.00044786292710341513, 0.0004612536868080497, 0.0004424247017595917, 0.00043997264583595097, 0.00043830860522575676, 0.0004391979309730232, 0.00043565628584474325, 0.00042267784010618925, 0.0004177117079962045, 0.0003990708210039884, 0.00038358091842383146, 0.0003809542104136199, 0.00037848937790840864], "root_mean_squared_error": [0.03162388131022453, 0.01972602680325508, 0.018697325140237808, 0.01857292465865612, 0.018177950754761696, 0.017994439229369164, 0.01783856377005577, 0.019566182047128677, 0.017595183104276657, 0.017591282725334167, 0.017555855214595795, 0.017625076696276665, 0.01747249625623226, 0.017504572868347168, 0.017248759046196938, 0.017070962116122246, 0.01689888909459114, 0.016861358657479286, 0.016822071745991707], "val_loss": [0.003055408364161849, 0.0006004413007758558, 0.001126034534536302, 0.0011888722656294703, 0.0006747455336153507, 0.0004464398662094027, 0.0014369516866281629, 0.0006822432042099535, 0.0003405623428989202, 0.000523348106071353, 0.001017515896819532, 0.0010133086470887065, 0.0004466369573492557, 0.0008673671400174499, 0.0008984088199213147, 0.000493618892505765, 0.0007493674638681114, 0.0010048625990748405, 0.0014293442945927382], "val_mean_absolute_error": [0.038749080151319504, 0.01839728280901909, 0.028131015598773956, 0.02819444239139557, 0.022479647770524025, 0.015086409635841846, 0.02872415818274021, 0.01911843568086624, 0.012975001707673073, 0.016055960208177567, 0.02259235642850399, 0.023251697421073914, 0.01559208519756794, 0.022267522290349007, 0.02229985222220421, 0.016901886090636253, 0.020645247772336006, 0.023016156628727913, 0.027645394206047058], "val_mean_squared_error": [0.003055408364161849, 0.0006004413007758558, 0.001126034534536302, 0.0011888722656294703, 0.0006747455336153507, 0.0004464398662094027, 0.0014369516866281629, 0.0006822432042099535, 0.0003405623428989202, 0.000523348106071353, 0.001017515896819532, 0.0010133086470887065, 0.0004466369573492557, 0.0008673671400174499, 0.0008984088199213147, 0.000493618892505765, 0.0007493674638681114, 0.0010048627154901624, 0.0014293442945927382], "val_mse_x": [3.988215757999569e-05, 8.26115719974041e-05, 0.0003748222370631993, 0.00028386403573676944, 0.0006028912030160427, 1.984699338208884e-05, 7.551135058747604e-05, 2.2392910977941938e-05, 1.766155219229404e-05, 2.0760960978805088e-05, 1.5128082850424107e-05, 9.447357297176495e-05, 5.5383778089890257e-05, 2.5550943973939866e-05, 0.00013421096082311124, 0.00010756491246866062, 9.070012310985476e-05, 8.845179399941117e-05, 0.00019535445608198643], "val_mse_y": [0.008115235716104507, 0.0012968876399099827, 0.00211462308652699, 0.0009066513739526272, 0.0006515388377010822, 0.0007136319181881845, 0.0033360125962644815, 0.0006851550424471498, 0.0006365578155964613, 0.0011897834483534098, 0.002477612579241395, 0.0025799847207963467, 0.0008575073443353176, 0.0013937836047261953, 0.0022173156030476093, 0.000889055198058486, 0.0016411974793300033, 0.0026117938105016947, 0.003743650857359171], "val_mse_z": [0.0010100805666297674, 0.0004225985030643642, 0.0008890847093425691, 0.0023788728285580873, 0.0007696682587265968, 0.0006070740055292845, 0.0009011994698084891, 0.001340603339485824, 0.00036817684303969145, 0.0003604188677854836, 0.0005602950695902109, 0.0003662552626337856, 0.0004277775005903095, 0.001184303080663085, 0.0003448591160122305, 0.00048472682829014957, 0.0005166475311852992, 0.0003147991665173322, 0.00034880315070040524], "val_root_mean_squared_error": [0.055275749415159225, 0.024503903463482857, 0.033556438982486725, 0.034480027854442596, 0.025975864380598068, 0.021129123866558075, 0.03790714591741562, 0.026119785383343697, 0.018454330042004585, 0.0228768028318882, 0.03189852461218834, 0.031832508742809296, 0.0211337860673666, 0.029451096430420876, 0.0299734678119421, 0.022217536345124245, 0.027374576777219772, 0.03169957175850868, 0.0378066711127758]}