{
    "MSE: ": 0.6028147214540698,
    "R2: ": 0.2756986755260477
}