{
    "MSE: ": 0.37363183180257625,
    "R2: ": 0.5987372175563065
}