{
    "MSE: ": 0.4652240034162864,
    "R2: ": 0.5347553449374348
}