{
    "MSE: ": 0.32342479156243237,
    "R2: ": 0.6766128527766697
}