{"loss": [0.6465379595756531, 0.597416341304779, 0.5877518057823181, 0.5832230448722839, 0.5800849199295044, 0.577340841293335, 0.5748939514160156, 0.571972668170929, 0.5689622759819031, 0.5657047629356384, 0.5616426467895508, 0.5571167469024658, 0.5519936084747314, 0.5463067293167114, 0.5402518510818481], "mean_absolute_error": [0.6189113855361938, 0.5888299345970154, 0.5815078020095825, 0.5786378383636475, 0.5766688585281372, 0.5750356912612915, 0.5736498832702637, 0.571996808052063, 0.5703943967819214, 0.5688138008117676, 0.566862940788269, 0.5646587014198303, 0.5623183846473694, 0.5595227479934692, 0.5566956996917725], "mean_squared_error": [0.6465379595756531, 0.597416341304779, 0.5877518057823181, 0.5832230448722839, 0.5800849199295044, 0.577340841293335, 0.5748939514160156, 0.571972668170929, 0.5689622759819031, 0.5657047629356384, 0.5616426467895508, 0.5571167469024658, 0.5519936084747314, 0.5463067293167114, 0.5402518510818481], "root_mean_squared_error": [0.8040758371353149, 0.7729271054267883, 0.7666497230529785, 0.7636904120445251, 0.761633038520813, 0.7598294615745544, 0.7582176327705383, 0.7562887668609619, 0.7542958855628967, 0.7521334886550903, 0.7494282126426697, 0.7464025616645813, 0.7429627180099487, 0.739125669002533, 0.735018253326416], "val_loss": [0.5961803793907166, 0.5784127712249756, 0.5750152468681335, 0.5705598592758179, 0.5612466931343079, 0.5758398175239563, 0.5669456720352173, 0.5640615224838257, 0.5686057209968567, 0.5674701929092407, 0.5801597833633423, 0.5796186327934265, 0.5930715799331665, 0.6014013886451721, 0.6028148531913757], "val_mean_absolute_error": [0.6001636981964111, 0.588732898235321, 0.588352620601654, 0.5841754078865051, 0.5759530663490295, 0.5846056342124939, 0.578953206539154, 0.5777654051780701, 0.5800793766975403, 0.5769581198692322, 0.5862095952033997, 0.5838732719421387, 0.5906627774238586, 0.597489595413208, 0.5959213376045227], "val_mean_squared_error": [0.5961803793907166, 0.5784127712249756, 0.5750152468681335, 0.5705598592758179, 0.5612466931343079, 0.5758398175239563, 0.5669456720352173, 0.5640615224838257, 0.5686057209968567, 0.5674701929092407, 0.5801597833633423, 0.5796186327934265, 0.5930715799331665, 0.6014013886451721, 0.6028148531913757], "val_root_mean_squared_error": [0.7721271514892578, 0.7605345249176025, 0.7582976222038269, 0.755354106426239, 0.7491639852523804, 0.7588410973548889, 0.7529579401016235, 0.7510402798652649, 0.7540594935417175, 0.7533061504364014, 0.7616822123527527, 0.7613269090652466, 0.7701113820075989, 0.7755007147789001, 0.7764115333557129]}