{
    "MSE: ": 0.000307017956929856,
    "R2: ": 0.9955841247162217
}