{
    "MSE: ": 0.0006672854595171154,
    "R2: ": 0.9718299496171195
}