{
    "MSE: ": 0.020785379479864387,
    "R2: ": 0.9399474579699257
}