{
    "MSE: ": 0.020757975147623314,
    "R2: ": 0.9435412217532271
}