{
    "MSE: ": 0.008455821703359933,
    "R2: ": 0.9820811124344088
}