{
    "MSE: ": 0.013575961102003674,
    "R2: ": 0.970443612358426
}