{
    "MSE: ": 0.016006964363642236,
    "R2: ": 0.9546420008695881
}