{
    "MSE: ": 0.02148707385144553,
    "R2: ": 0.9441435204504428
}