split,mse_total,r2_total,mse_x,r2_x,mse_y,r2_y,mse_z,r2_z
1,0.027036475705663105,-10.972790502468229,0.023204338026774223,-34.43442805574047,0.02713723841115496,0.7549131018335355,0.030767850679059287,0.7611434465040343
2,0.04526825474855256,0.27892961268414984,0.029413327637476012,0.9535761204185434,0.10060280533902988,-1.07283531987785,0.00578863126915032,0.9560480375118059
3,0.003814493669312753,0.7099838278332086,0.007989282976881541,0.20414916022947704,0.0019864922846256393,0.960742686702454,0.0014677057464309454,0.9650596365677214
4,0.0006672854595171154,0.9718299496171195,0.0004053786112145219,0.9884395977601208,0.0009024873980800163,0.9779063611779546,0.0006939903692568039,0.9491438899132855
