{"loss": [0.001059969887137413, 0.0003910845844075084, 0.00037252643960528076, 0.0003592001448851079, 0.0006780812400393188, 0.000343865278409794, 0.0003460146253928542, 0.0003457347338553518, 0.0003395476087462157, 0.00033572304528206587, 0.0003295168571639806, 0.00031412584939971566, 0.00031000672606751323], "mean_absolute_error": [0.016345342621207237, 0.014044879004359245, 0.013676865957677364, 0.013415706343948841, 0.013728796504437923, 0.012856364250183105, 0.01299090776592493, 0.013001291081309319, 0.012834855355322361, 0.012711849063634872, 0.012532353401184082, 0.012173410505056381, 0.01203655544668436], "mean_squared_error": [0.0010442440398037434, 0.000385709892725572, 0.0003675961634144187, 0.0003548432432580739, 0.0006480248994193971, 0.00033966978662647307, 0.00034175225300714374, 0.00034181689261458814, 0.0003362245042808354, 0.00033257403993047774, 0.000326709559885785, 0.00031136596226133406, 0.0003073964035138488], "mse_x": [0.0009456317638978362, 7.47721569496207e-05, 6.963532359804958e-05, 5.950312697677873e-05, 0.0006183995283208787, 3.5665816540131345e-05, 4.280986831872724e-05, 4.576702485792339e-05, 3.901475065504201e-05, 3.6213685234542936e-05, 3.1114697776502e-05, 2.9509170417441055e-05, 2.6296997020835988e-05], "mse_y": [0.0010087360860779881, 0.0005561100551858544, 0.0005393543397076428, 0.0005237512523308396, 0.0008427157299593091, 0.0005125667667016387, 0.0005131069920025766, 0.0005112640792503953, 0.000505266129039228, 0.0005010471795685589, 0.0004968587891198695, 0.0004937230260111392, 0.0004915993777103722], "mse_z": [0.001177761354483664, 0.0005261678597889841, 0.0004938056808896363, 0.00048127537593245506, 0.0004826654912903905, 0.0004707131301984191, 0.0004693215014412999, 0.00046845810720697045, 0.00046438517165370286, 0.00046044023474678397, 0.00045215763384476304, 0.0004108338907826692, 0.00040433197864331305], "root_mean_squared_error": [0.032314762473106384, 0.019639497622847557, 0.019172796979546547, 0.018837282434105873, 0.02545633353292942, 0.018430132418870926, 0.018486542627215385, 0.018488289788365364, 0.018336424604058266, 0.018236611038446426, 0.018075108528137207, 0.017645563930273056, 0.017532723024487495], "val_loss": [0.0011139335110783577, 0.0007987142889760435, 0.0007622004486620426, 0.0012932721292600036, 0.0009336458169855177, 0.001086915610358119, 0.000999790383502841, 0.0009025396429933608, 0.001211299910210073, 0.0010281952563673258, 0.001138488994911313, 0.001654167426750064, 0.0015021605649963021], "val_mean_absolute_error": [0.025003008544445038, 0.01971122808754444, 0.01863388903439045, 0.02415493130683899, 0.023073792457580566, 0.02275383658707142, 0.023686068132519722, 0.02303999289870262, 0.025806205347180367, 0.024079611524939537, 0.024978969246149063, 0.030902689322829247, 0.028448913246393204], "val_mean_squared_error": [0.0009214942692779005, 0.0006760717369616032, 0.0006464875186793506, 0.0010541274677962065, 0.0007785794441588223, 0.0008956121164374053, 0.0008279104367829859, 0.0007524413522332907, 0.0009891078807413578, 0.0008480368996970356, 0.0009329447639174759, 0.0013285066233947873, 0.0012117179576307535], "val_mse_x": [0.00032989014289341867, 0.00013554611359722912, 5.544676605495624e-05, 4.77013127238024e-05, 0.0003219021309632808, 5.151010554982349e-05, 0.00021912837109994143, 0.0004685576423071325, 0.0002686935767997056, 0.0005513127543963492, 0.0006099021411500871, 0.0013091550208628178, 0.001757196499966085], "val_mse_y": [0.0013303682208061218, 0.0013731428189203143, 0.0014169408241286874, 0.0020325426012277603, 0.001033749314956367, 0.0010907921241596341, 0.0011689948150888085, 0.0010457905009388924, 0.0012974163983017206, 0.0009848615154623985, 0.001115146093070507, 0.0015287367859855294, 0.0009962073527276516], "val_mse_z": [0.001104226103052497, 0.0005198987782932818, 0.0004680716374423355, 0.001080044312402606, 0.0009797478560358286, 0.0015441870782524347, 0.0010951330186799169, 0.0007437694002874196, 0.001399545231834054, 0.0010078384075313807, 0.0010739763965830207, 0.0011437362991273403, 0.0008791417931206524], "val_root_mean_squared_error": [0.03035612404346466, 0.026001378893852234, 0.025426117703318596, 0.032467328011989594, 0.027903035283088684, 0.029926778748631477, 0.028773432597517967, 0.027430664747953415, 0.03145008534193039, 0.029121072962880135, 0.03054414503276348, 0.036448683589696884, 0.03480973839759827]}