{"loss": [0.0010839569149538875, 0.0003925561613868922, 0.0003684490511659533, 0.0003562771307770163, 0.0016179201193153858, 0.00034278741804882884, 0.00035098299849778414, 0.00035470916191115975, 0.00034881316241808236, 0.0003451741940807551, 0.00034034502459689975, 0.0003361038980074227, 0.00033114178222604096, 0.00032616170938126743], "mean_absolute_error": [0.016524294391274452, 0.014238482341170311, 0.013712516985833645, 0.013472700491547585, 0.01452784612774849, 0.012655564583837986, 0.013076957315206528, 0.013354780152440071, 0.013172724284231663, 0.013112243264913559, 0.012995554134249687, 0.012883869931101799, 0.012703862972557545, 0.012546022422611713], "mean_squared_error": [0.0010839569149538875, 0.0003925561613868922, 0.0003684490511659533, 0.0003562771307770163, 0.0016179201193153858, 0.00034278741804882884, 0.00035098299849778414, 0.00035470916191115975, 0.00034881316241808236, 0.0003451741940807551, 0.00034034502459689975, 0.0003361038980074227, 0.00033114178222604096, 0.00032616170938126743], "mse_x": [0.0009810468181967735, 7.891566201578826e-05, 7.29327293811366e-05, 6.334268255159259e-05, 0.0034021479077637196, 2.1590516553260386e-05, 4.2817868234124035e-05, 5.796587356599048e-05, 5.1800136134261265e-05, 5.078520916868001e-05, 4.5775708713335916e-05, 4.0470476960763335e-05, 3.5295062843943015e-05, 3.116020525339991e-05], "mse_y": [0.001042730058543384, 0.0005523932632058859, 0.0005370948347263038, 0.0005234715063124895, 0.0009102841722778976, 0.0005192572134546936, 0.0005237980512902141, 0.0005223090411163867, 0.0005150798824615777, 0.0005110630881972611, 0.000506174226757139, 0.0005018727970309556, 0.0004980940138921142, 0.0004957242053933442], "mse_z": [0.0012274712789803743, 0.0005463198176585138, 0.0004953006864525378, 0.00048206152860075235, 0.0005400800728239119, 0.00048748368863016367, 0.0004862676141783595, 0.00048382027307525277, 0.0004795460554305464, 0.00047368655214086175, 0.0004691019421443343, 0.0004659891710616648, 0.00046007681521587074, 0.0004515508480835706], "root_mean_squared_error": [0.03292350098490715, 0.01981303095817566, 0.01919502578675747, 0.018875304609537125, 0.040223378688097, 0.018514519557356834, 0.018734540790319443, 0.018833722919225693, 0.01867653988301754, 0.018578864634037018, 0.018448442220687866, 0.018333135172724724, 0.018197301775217056, 0.018059946596622467], "val_loss": [0.001171358278952539, 0.0007217931561172009, 0.0008932568598538637, 0.0005707917734980583, 0.000671303307171911, 0.0007460237247869372, 0.000824662740342319, 0.0007455850718542933, 0.0006095151184126735, 0.0006989793037064373, 0.0007086623809300363, 0.0007308194763027132, 0.0007789306691847742, 0.0006672971067018807], "val_mean_absolute_error": [0.025325443595647812, 0.019854402169585228, 0.024453457444906235, 0.018934812396764755, 0.02052203379571438, 0.02128070406615734, 0.022951412945985794, 0.021608415991067886, 0.018059825524687767, 0.01918742246925831, 0.019412769004702568, 0.020886467769742012, 0.023188969120383263, 0.02151048183441162], "val_mean_squared_error": [0.0011713583953678608, 0.0007217931561172009, 0.0008932568598538637, 0.0005707917734980583, 0.000671303307171911, 0.0007460237247869372, 0.000824662740342319, 0.0007455850718542933, 0.0006095151184126735, 0.0006989793037064373, 0.0007086623809300363, 0.0007308193598873913, 0.0007789306691847742, 0.0006672971067018807], "val_mse_x": [0.00010456614836584777, 0.00010905641101999208, 0.00030088663334026933, 0.00019182242976967245, 0.00024309092259500176, 0.0001517585915280506, 0.00021333839686121792, 0.00014780224591959268, 4.6023487811908126e-05, 1.8213257135357708e-05, 1.8867776816478e-05, 5.96999961999245e-05, 0.00028411936364136636, 0.00040486903162673116], "val_mse_y": [0.00222913920879364, 0.0016174477059394121, 0.0014707045629620552, 0.00115168874617666, 0.0007088687270879745, 0.0007436677697114646, 0.0008400279330089688, 0.0009699645452201366, 0.0011185654439032078, 0.0011047485750168562, 0.0010871966369450092, 0.0010030168341472745, 0.001066153054125607, 0.0009032125235535204], "val_mse_z": [0.0011790532153099775, 0.0004382029583211988, 0.0009080994641408324, 0.0003701448440551758, 0.0010624676942825317, 0.00134266575332731, 0.0014207910280674696, 0.001119839260354638, 0.0006649366696365178, 0.0009745587012730539, 0.0010201777331531048, 0.0011296786833554506, 0.0009862125152722, 0.0006939310696907341], "val_root_mean_squared_error": [0.034225113689899445, 0.026866208761930466, 0.029887402430176735, 0.023891249671578407, 0.02590952254831791, 0.027313435450196266, 0.02871694043278694, 0.027305403724312782, 0.02468835934996605, 0.026438217610120773, 0.026620713993906975, 0.027033669874072075, 0.027909329161047935, 0.025832094252109528]}