{
    "MSE: ": 0.5260042977879763,
    "R2: ": 0.36820330021245296
}