{
    "MSE: ": 0.24750063227940453,
    "R2: ": 0.737100735061853
}