{
    "MSE: ": 0.32558209932203513,
    "R2: ": 0.6744014254417046
}