{
    "MSE: ": 0.25166761437644425,
    "R2: ": 0.7483622928803543
}