{"loss": [0.606147050857544, 0.5766775608062744, 0.5681033134460449, 0.5638210773468018, 0.5607863068580627, 0.5589069724082947, 0.5574736595153809, 0.5553872585296631, 0.5561172962188721, 0.552845299243927, 0.5520398020744324, 0.551376461982727, 0.5507102608680725, 0.5504226088523865, 0.5501003861427307, 0.5496087670326233, 0.549397885799408, 0.5492424368858337, 0.5488940477371216, 0.5489376783370972, 0.5485334992408752, 0.5482553243637085, 0.5482621192932129, 0.5480213165283203, 0.5477016568183899, 0.5475759506225586, 0.5473476052284241, 0.5471009612083435, 0.5468289256095886, 0.5469771027565002, 0.5466524958610535, 0.5466886758804321, 0.5465025305747986, 0.5462920069694519, 0.546257495880127, 0.5461528897285461, 0.5461690425872803, 0.5458825826644897, 0.5459078550338745, 0.5458908081054688, 0.5457550287246704, 0.5456172227859497, 0.5455895662307739, 0.5458067655563354, 0.5454879999160767, 0.5453988909721375, 0.5452820658683777, 0.5452912449836731], "mean_absolute_error": [0.5828438401222229, 0.5664003491401672, 0.5619634985923767, 0.5596039295196533, 0.5579257607460022, 0.5567181706428528, 0.5554952621459961, 0.5530017018318176, 0.5525398254394531, 0.5505195260047913, 0.5498747825622559, 0.5492831468582153, 0.5488133430480957, 0.5485970377922058, 0.5483101010322571, 0.5479769706726074, 0.5477337837219238, 0.547656238079071, 0.5473768711090088, 0.5473628044128418, 0.5471108555793762, 0.5468946099281311, 0.5468583106994629, 0.5465869307518005, 0.5463626384735107, 0.5461623668670654, 0.5459650158882141, 0.5456708669662476, 0.5454665422439575, 0.5455211997032166, 0.5452536940574646, 0.5452781915664673, 0.5451307892799377, 0.5450007915496826, 0.5449039936065674, 0.5448456406593323, 0.5448437333106995, 0.5446961522102356, 0.544665515422821, 0.5446722507476807, 0.5445775985717773, 0.5444666743278503, 0.5444865226745605, 0.544558584690094, 0.5443543791770935, 0.5443096160888672, 0.5442380905151367, 0.5442469716072083], "mean_squared_error": [0.606147050857544, 0.5766775608062744, 0.5681033134460449, 0.5638210773468018, 0.5607863068580627, 0.5589069724082947, 0.5574736595153809, 0.5553872585296631, 0.5561172962188721, 0.552845299243927, 0.5520398020744324, 0.551376461982727, 0.5507102608680725, 0.5504226088523865, 0.5501003861427307, 0.5496087670326233, 0.549397885799408, 0.5492424368858337, 0.5488940477371216, 0.5489376783370972, 0.5485334992408752, 0.5482553243637085, 0.5482621192932129, 0.5480213165283203, 0.5477016568183899, 0.5475759506225586, 0.5473476052284241, 0.5471009612083435, 0.5468289256095886, 0.5469771027565002, 0.5466524958610535, 0.5466886758804321, 0.5465025305747986, 0.5462920069694519, 0.546257495880127, 0.5461529493331909, 0.5461690425872803, 0.5458825826644897, 0.5459078550338745, 0.5458908081054688, 0.5457550287246704, 0.5456172227859497, 0.5455895662307739, 0.5458067655563354, 0.5454879999160767, 0.5453988909721375, 0.5452820658683777, 0.5452912449836731], "root_mean_squared_error": [0.7785544395446777, 0.7593929171562195, 0.7537263035774231, 0.7508801817893982, 0.7488566637039185, 0.747600793838501, 0.7466415762901306, 0.7452430725097656, 0.7457327246665955, 0.7435356974601746, 0.7429938316345215, 0.7425472736358643, 0.7420985698699951, 0.7419047355651855, 0.741687536239624, 0.7413560152053833, 0.7412137985229492, 0.7411088943481445, 0.7408738136291504, 0.7409032583236694, 0.7406304478645325, 0.7404426336288452, 0.7404472231864929, 0.7402846217155457, 0.7400686740875244, 0.7399837374687195, 0.739829421043396, 0.7396627068519592, 0.7394788265228271, 0.7395790219306946, 0.7393594980239868, 0.7393839955329895, 0.7392581105232239, 0.7391157150268555, 0.7390923500061035, 0.7390215992927551, 0.739032506942749, 0.7388386726379395, 0.73885577917099, 0.7388442158699036, 0.7387523651123047, 0.7386590838432312, 0.7386403679847717, 0.7387873530387878, 0.7385715842247009, 0.7385112643241882, 0.7384321689605713, 0.7384383678436279], "val_loss": [0.5708566904067993, 0.5509166121482849, 0.5481640696525574, 0.5412843227386475, 0.5380629301071167, 0.5369499921798706, 0.5399437546730042, 0.5379971265792847, 0.5343998670578003, 0.5294173955917358, 0.5341595411300659, 0.5303969979286194, 0.5301557779312134, 0.53171306848526, 0.5319690704345703, 0.5282895565032959, 0.5291187763214111, 0.5298497676849365, 0.5296300053596497, 0.5267230868339539, 0.5285887718200684, 0.5295760631561279, 0.5289036631584167, 0.5249765515327454, 0.5291194915771484, 0.5262811183929443, 0.5287400484085083, 0.5226125717163086, 0.5341387391090393, 0.528529703617096, 0.5243695378303528, 0.5268992185592651, 0.5254291892051697, 0.5248289704322815, 0.5275769233703613, 0.5274233222007751, 0.5245215892791748, 0.5222516655921936, 0.5228632092475891, 0.5244615077972412, 0.5248259902000427, 0.5272588729858398, 0.5251783728599548, 0.5238868594169617, 0.5240276455879211, 0.5249544978141785, 0.5257550477981567, 0.5260046124458313], "val_mean_absolute_error": [0.5700024366378784, 0.557131290435791, 0.5560115575790405, 0.5498202443122864, 0.5497355461120605, 0.5481571555137634, 0.549178421497345, 0.5485363602638245, 0.544069766998291, 0.5394547581672668, 0.5423954725265503, 0.5412614345550537, 0.54047691822052, 0.5428261160850525, 0.5424786806106567, 0.5402504801750183, 0.5393335223197937, 0.5401741862297058, 0.5403062105178833, 0.5378824472427368, 0.5401455760002136, 0.5376341938972473, 0.5385252833366394, 0.5358839631080627, 0.5388128757476807, 0.5364145636558533, 0.5374661087989807, 0.5337227582931519, 0.5413804054260254, 0.5379995703697205, 0.5351013541221619, 0.5359302759170532, 0.5364189743995667, 0.5343350768089294, 0.5358759760856628, 0.5357334017753601, 0.5349189639091492, 0.5320789813995361, 0.5326047539710999, 0.5347175598144531, 0.5343518853187561, 0.5353125929832458, 0.5344957113265991, 0.5330374240875244, 0.5335851311683655, 0.5342311263084412, 0.5347241163253784, 0.5343936085700989], "val_mean_squared_error": [0.5708566904067993, 0.5509166717529297, 0.5481640696525574, 0.5412843227386475, 0.5380629301071167, 0.5369499325752258, 0.5399437546730042, 0.5379971265792847, 0.5343998074531555, 0.5294173955917358, 0.5341595411300659, 0.5303969979286194, 0.5301557779312134, 0.53171306848526, 0.5319690704345703, 0.5282895565032959, 0.5291187763214111, 0.529849648475647, 0.5296300053596497, 0.5267230868339539, 0.5285887718200684, 0.5295761227607727, 0.5289036631584167, 0.5249765515327454, 0.5291194915771484, 0.5262811183929443, 0.5287400484085083, 0.5226125717163086, 0.5341387391090393, 0.528529703617096, 0.5243695378303528, 0.5268992185592651, 0.5254291892051697, 0.5248289704322815, 0.5275769233703613, 0.5274233222007751, 0.5245215892791748, 0.5222516655921936, 0.5228632092475891, 0.5244615077972412, 0.5248259902000427, 0.5272588729858398, 0.5251783728599548, 0.5238868594169617, 0.5240276455879211, 0.5249544978141785, 0.5257550477981567, 0.5260046124458313], "val_root_mean_squared_error": [0.7555505633354187, 0.7422376275062561, 0.7403810024261475, 0.7357202768325806, 0.7335277199745178, 0.7327686548233032, 0.734808623790741, 0.7334828972816467, 0.7310265302658081, 0.7276107668876648, 0.7308622002601624, 0.7282835841178894, 0.7281179428100586, 0.7291865944862366, 0.7293620705604553, 0.726835310459137, 0.7274054884910583, 0.7279077172279358, 0.7277568578720093, 0.7257568836212158, 0.7270411252975464, 0.727719783782959, 0.7272576093673706, 0.7245526313781738, 0.7274060249328613, 0.7254523634910583, 0.7271451354026794, 0.7229194641113281, 0.730847954750061, 0.7270004749298096, 0.7241336703300476, 0.7258782386779785, 0.7248649597167969, 0.7244508266448975, 0.726344883441925, 0.7262391448020935, 0.7242386341094971, 0.7226698398590088, 0.723092794418335, 0.7241971492767334, 0.7244487404823303, 0.726125955581665, 0.7246919274330139, 0.7238003015518188, 0.7238975167274475, 0.7245374321937561, 0.7250896692276001, 0.7252617478370667]}